concurrency,pool,throughput
1,1,36539
31,1,46390
61,1,43713
91,1,42951
121,1,42333
151,1,42470
181,1,45462
211,1,46309
241,1,44220
271,1,43357
301,1,43466
331,1,43867
361,1,42640
391,1,44138
421,1,43308
451,1,44682
481,1,41284
511,1,42517
541,1,42531
571,1,41701
601,1,44345
631,1,41305
661,1,42304
691,1,42023
721,1,41844
751,1,41953
781,1,41985
811,1,41638
841,1,42716
871,1,43073
901,1,43821
931,1,41876
961,1,41431
991,1,42340
1021,1,41652
1051,1,45000
1081,1,41974
1111,1,42918
1141,1,42211
1171,1,42922
1201,1,42098
1231,1,43211
1261,1,44154
1291,1,42683
1321,1,42027
1351,1,41764
1381,1,43463
1411,1,43062
1441,1,41213
1471,1,43444
1501,1,41809
1531,1,41182
1561,1,41813
1591,1,42822
1621,1,41597
1651,1,41562
1681,1,41237
1711,1,42441
1741,1,41243
1771,1,40577
1801,1,41007
1831,1,40283
1861,1,41701
1891,1,40089
1921,1,40453
1951,1,41010
1981,1,40591
2011,1,41732
2041,1,41192
2071,1,41493
2101,1,41363
2131,1,41711
2161,1,40980
2191,1,41611
2221,1,42618
2251,1,41806
2281,1,41879
2311,1,40943
2341,1,41921
2371,1,41670
2401,1,41552
2431,1,41981
2461,1,42251
2491,1,42984
2521,1,41590
2551,1,41911
2581,1,41017
2611,1,41858
2641,1,41918
2671,1,41476
2701,1,41394
2731,1,45126
2761,1,41165
2791,1,41981
2821,1,42186
2851,1,43565
2881,1,41604
2911,1,42261
2941,1,40943
2971,1,41318
3001,1,42455
3031,1,41507
3061,1,41670
3091,1,44200
3121,1,42600
3151,1,40990
3181,1,41325
3211,1,41739
3241,1,44239
3271,1,42311
3301,1,42197
3331,1,42822
3361,1,41600
3391,1,42502
3421,1,41697
3451,1,42290
3481,1,41694
3511,1,40829
3541,1,42819
3571,1,43323
3601,1,42362
3631,1,42815
3661,1,41848
3691,1,42837
3721,1,40776
3751,1,44851
3781,1,41545
3811,1,41152
3841,1,41373
3871,1,42771
3901,1,43763
3931,1,42643
3961,1,44992
3991,1,43029
4021,1,43140
4051,1,41213
4081,1,42098
4111,1,42301
4141,1,42596
4171,1,41876
4201,1,40706
4231,1,42226
4261,1,41890
4291,1,40822
4321,1,40886
4351,1,41963
4381,1,42172
4411,1,40909
4441,1,43196
4471,1,42372
4501,1,44750
4531,1,41865
4561,1,40726
4591,1,40358
4621,1,41995
4651,1,41566
4681,1,42294
4711,1,41335
4741,1,41411
4771,1,41394
4801,1,41291
4831,1,41680
4861,1,41466
4891,1,41729
4921,1,41377
4951,1,41806
4981,1,40706
5011,1,41666
5041,1,42797
5071,1,41148
5101,1,40319
5131,1,40525
5161,1,41010
5191,1,41189
5221,1,41175
5251,1,40713
5281,1,40584
5311,1,40371
5341,1,41597
5371,1,41284
5401,1,40413
5431,1,41356
5461,1,41145
5491,1,40693
5521,1,40690
5551,1,41271
5581,1,39971
5611,1,40508
5641,1,40906
5671,1,40607
5701,1,40231
5731,1,40296
5761,1,40577
5791,1,40759
5821,1,41162
5851,1,42083
5881,1,41673
5911,1,41442
5941,1,41907
5971,1,40826
6001,1,41271
6031,1,42276
6061,1,41414
6091,1,40574
6121,1,40371
6151,1,42622
6181,1,43032
6211,1,41774
6241,1,41182
6271,1,41967
6301,1,40769
6331,1,41687
6361,1,41101
6391,1,41869
6421,1,40923
6451,1,40876
6481,1,40842
6511,1,41677
6541,1,40627
6571,1,42002
6601,1,41992
6631,1,41635
6661,1,42034
6691,1,40650
6721,1,41445
6751,1,42669
6781,1,41823
6811,1,43508
6841,1,41746
6871,1,42294
6901,1,41196
6931,1,41356
6961,1,42140
6991,1,41466
7021,1,41586
7051,1,40859
7081,1,40498
7111,1,41152
7141,1,40983
7171,1,40849
7201,1,43455
7231,1,41353
7261,1,40189
7291,1,41094
7321,1,40426
7351,1,40617
7381,1,40950
7411,1,41332
7441,1,41145
7471,1,40355
7501,1,40779
7531,1,41010
7561,1,41074
7591,1,41411
7621,1,43245
7651,1,41094
7681,1,40234
7711,1,41155
7741,1,41490
7771,1,41138
7801,1,41101
7831,1,41677
7861,1,42080
7891,1,40617
7921,1,41220
7951,1,41017
7981,1,40980
8011,1,40960
8041,1,41992
8071,1,39891
8101,1,41583
8131,1,41542
8161,1,41020
8191,1,43572
8221,1,43466
8251,1,41555
8281,1,41332
8311,1,40919
8341,1,40869
8371,1,41497
8401,1,43237
8431,1,41175
8461,1,42165
8491,1,40859
8521,1,40853
8551,1,40943
8581,1,41642
8611,1,40581
8641,1,41865
8671,1,41010
8701,1,42091
8731,1,41135
8761,1,41192
8791,1,39866
8821,1,41750
8851,1,41104
8881,1,40215
8911,1,40719
8941,1,41308
8971,1,42254
9001,1,40433
9031,1,40607
9061,1,40443
9091,1,40929
9121,1,40653
9151,1,40873
9181,1,40051
9211,1,43316
9241,1,41115
9271,1,41528
9301,1,40766
9331,1,41108
9361,1,39704
9391,1,40916
9421,1,41490
9451,1,40413
9481,1,41159
9511,1,40270
9541,1,40763
9571,1,41837
9601,1,40535
9631,1,40729
9661,1,40759
9691,1,41635
9721,1,40482
9751,1,40410
9781,1,41111
9811,1,40933
9841,1,41233
9871,1,41250
9901,1,41528
9931,1,40963
9961,1,40980
9991,1,41312
10021,1,41209
10051,1,40594
10081,1,40829
10111,1,41091
10141,1,40607
10171,1,41237
10201,1,40690
10231,1,41876
10261,1,40970
10291,1,41209
10321,1,40303
10351,1,41425
10381,1,41607
10411,1,41418
10441,1,41834
10471,1,41397
10501,1,40342
10531,1,40690
10561,1,41199
10591,1,40776
10621,1,41514
10651,1,41893
10681,1,41890
10711,1,42301
10741,1,42279
10771,1,40591
10801,1,40913
10831,1,43044
10861,1,41267
10891,1,41288
10921,1,41199
10951,1,40953
10981,1,40640
11011,1,40096
11041,1,40436
11071,1,39974
11101,1,41162
11131,1,40666
11161,1,42578
11191,1,42365
11221,1,40939
11251,1,41684
11281,1,41257
11311,1,40916
11341,1,40690
11371,1,41325
11401,1,41666
11431,1,40650
11461,1,41743
11491,1,41098
11521,1,40623
11551,1,41569
11581,1,40970
11611,1,41583
11641,1,40397
11671,1,41995
11701,1,40970
11731,1,40277
11761,1,41295
11791,1,41445
11821,1,40973
11851,1,40538
11881,1,41521
11911,1,40769
11941,1,41963
11971,1,41680
12001,1,41091
12031,1,41449
12061,1,41277
12091,1,42290
12121,1,40929
12151,1,40413
12181,1,40683
12211,1,41298
12241,1,40970
12271,1,40700
12301,1,41074
12331,1,41165
12361,1,41064
12391,1,40690
12421,1,41044
12451,1,42553
12481,1,40541
12511,1,41559
12541,1,40753
12571,1,41438
12601,1,40819
12631,1,40495
12661,1,41390
12691,1,40746
12721,1,40846
12751,1,40417
12781,1,39971
12811,1,41517
12841,1,40863
12871,1,41711
12901,1,40856
12931,1,40686
12961,1,40686
12991,1,40610
13021,1,41291
13051,1,40970
13081,1,41918
13111,1,41081
13141,1,41199
13171,1,40786
13201,1,41138
13231,1,41597
13261,1,42091
13291,1,41370
13321,1,42401
13351,1,41260
13381,1,40966
13411,1,40495
13441,1,40472
13471,1,42108
13501,1,41978
13531,1,41837
13561,1,41476
13591,1,41953
13621,1,40786
13651,1,41771
13681,1,41722
13711,1,42190
13741,1,41834
13771,1,40653
13801,1,40953
13831,1,41583
13861,1,41652
13891,1,41656
13921,1,41956
13951,1,41260
13981,1,42052
14011,1,40803
14041,1,41562
14071,1,41397
14101,1,41040
14131,1,41809
14161,1,40277
14191,1,40773
14221,1,42219
14251,1,41694
14281,1,41257
14311,1,41288
14341,1,41308
14371,1,40475
14401,1,41656
14431,1,41301
14461,1,41250
14491,1,40521
14521,1,40943
14551,1,41897
14581,1,41834
14611,1,41500
14641,1,40879
14671,1,41559
14701,1,40799
14731,1,40960
14761,1,41213
14791,1,41466
14821,1,42830
14851,1,41635
14881,1,41175
14911,1,41970
14941,1,41318
14971,1,42498
31,3,116387
61,3,114678
91,3,114285
121,3,115260
151,3,114731
181,3,113199
211,3,114051
241,3,113250
271,3,113739
301,3,114521
331,3,114259
361,3,112866
391,3,112764
421,3,114784
451,3,112841
481,3,112485
511,3,114390
541,3,113791
571,3,114337
601,3,113045
631,3,113636
661,3,113739
691,3,112739
721,3,113869
751,3,111781
781,3,112359
811,3,111731
841,3,112460
871,3,114025
901,3,114025
931,3,111706
961,3,110595
991,3,112334
1021,3,111333
1051,3,112892
1081,3,112663
1111,3,111781
1141,3,113713
1171,3,113843
1201,3,112132
1231,3,112157
1261,3,111234
1291,3,112107
1321,3,114442
1351,3,113378
1381,3,111681
1411,3,113455
1441,3,114259
1471,3,112410
1501,3,112460
1531,3,113507
1561,3,112258
1591,3,113817
1621,3,113301
1651,3,114025
1681,3,111681
1711,3,111681
1741,3,112841
1771,3,112283
1801,3,111037
1831,3,112485
1861,3,112032
1891,3,114678
1921,3,113275
1951,3,111906
1981,3,111681
2011,3,111358
2041,3,111681
2071,3,112410
2101,3,112032
2131,3,112739
2161,3,112132
2191,3,112309
2221,3,112561
2251,3,114705
2281,3,113688
2311,3,111856
2341,3,112587
2371,3,113533
2401,3,112107
2431,3,113610
2461,3,110913
2491,3,111906
2521,3,110913
2551,3,110302
2581,3,111881
2611,3,112815
2641,3,111656
2671,3,111756
2701,3,113533
2731,3,112309
2761,3,111982
2791,3,111781
2821,3,112082
2851,3,112485
2881,3,112460
2911,3,112561
2941,3,112815
2971,3,110643
3001,3,111557
3031,3,111706
3061,3,112815
3091,3,112233
3121,3,112208
3151,3,111037
3181,3,111358
3211,3,111408
3241,3,112157
3271,3,113973
3301,3,113817
3331,3,112714
3361,3,111831
3391,3,110815
3421,3,114573
3451,3,113791
3481,3,114155
3511,3,111358
3541,3,110889
3571,3,114364
3601,3,111731
3631,3,114547
3661,3,112485
3691,3,112561
3721,3,113122
3751,3,111806
3781,3,112739
3811,3,113404
3841,3,112739
3871,3,113327
3901,3,112233
3931,3,113352
3961,3,110889
3991,3,111358
4021,3,113147
4051,3,111706
4081,3,111881
4111,3,112410
4141,3,113713
4171,3,112435
4201,3,114129
4231,3,112561
4261,3,112968
4291,3,111582
4321,3,110987
4351,3,112739
4381,3,112057
4411,3,112688
4441,3,114051
4471,3,110815
4501,3,111234
4531,3,110963
4561,3,113096
4591,3,111358
4621,3,113869
4651,3,111061
4681,3,111185
4711,3,112309
4741,3,112309
4771,3,112739
4801,3,111931
4831,3,111856
4861,3,113558
4891,3,111308
4921,3,112032
4951,3,112007
4981,3,113045
5011,3,113765
5041,3,112968
5071,3,110035
5101,3,112183
5131,3,112132
5161,3,110791
5191,3,112917
5221,3,113533
5251,3,110619
5281,3,113352
5311,3,111457
5341,3,113173
5371,3,113404
5401,3,111061
5431,3,111906
5461,3,111284
5491,3,111906
5521,3,111781
5551,3,112460
5581,3,111284
5611,3,111308
5641,3,111012
5671,3,112132
5701,3,112536
5731,3,112032
5761,3,111731
5791,3,111333
5821,3,110840
5851,3,112790
5881,3,110717
5911,3,110840
5941,3,111259
5971,3,111906
6001,3,111881
6031,3,113096
6061,3,112866
6091,3,111957
6121,3,111284
6151,3,111383
6181,3,111731
6211,3,112764
6241,3,110815
6271,3,111135
6301,3,111806
6331,3,111632
6361,3,111607
6391,3,113739
6421,3,112764
6451,3,112536
6481,3,112334
6511,3,113122
6541,3,113869
6571,3,110472
6601,3,112815
6631,3,111582
6661,3,111806
6691,3,110741
6721,3,110253
6751,3,111358
6781,3,113817
6811,3,112663
6841,3,113455
6871,3,111982
6901,3,111656
6931,3,109601
6961,3,111532
6991,3,113481
7021,3,111532
7051,3,111831
7081,3,112032
7111,3,111982
7141,3,109890
7171,3,109529
7201,3,110277
7231,3,111086
7261,3,111656
7291,3,112082
7321,3,112057
7351,3,112208
7381,3,111160
7411,3,112815
7441,3,112132
7471,3,112157
7501,3,112612
7531,3,110889
7561,3,113250
7591,3,112334
7621,3,111806
7651,3,114025
7681,3,112208
7711,3,112663
7741,3,113122
7771,3,113662
7801,3,111681
7831,3,112309
7861,3,112384
7891,3,112007
7921,3,112917
7951,3,111582
7981,3,110692
8011,3,110938
8041,3,111632
8071,3,110570
8101,3,112511
8131,3,111607
8161,3,112688
8191,3,111408
8221,3,110253
8251,3,111557
8281,3,112511
8311,3,110350
8341,3,112233
8371,3,110204
8401,3,111061
8431,3,111607
8461,3,111781
8491,3,113096
8521,3,111284
8551,3,112283
8581,3,110424
8611,3,112410
8641,3,112943
8671,3,113739
8701,3,113533
8731,3,111706
8761,3,112511
8791,3,110399
8821,3,112917
8851,3,111507
8881,3,112536
8911,3,111806
8941,3,110302
8971,3,110840
9001,3,110643
9031,3,112283
9061,3,111333
9091,3,113147
9121,3,113455
9151,3,110424
9181,3,112460
9211,3,113378
9241,3,111234
9271,3,111706
9301,3,110692
9331,3,112157
9361,3,110864
9391,3,110472
9421,3,111259
9451,3,113352
9481,3,109841
9511,3,110204
9541,3,113250
9571,3,112587
9601,3,112892
9631,3,112258
9661,3,111656
9691,3,112460
9721,3,112359
9751,3,112637
9781,3,112082
9811,3,111931
9841,3,111607
9871,3,112561
9901,3,113045
9931,3,111234
9961,3,114626
9991,3,111061
10021,3,111982
10051,3,111383
10081,3,112107
10111,3,111756
10141,3,112183
10171,3,113301
10201,3,112561
10231,3,112359
10261,3,110619
10291,3,112384
10321,3,112637
10351,3,111135
10381,3,111160
10411,3,112714
10441,3,111731
10471,3,110277
10501,3,111957
10531,3,110643
10561,3,111209
10591,3,111982
10621,3,111582
10651,3,112258
10681,3,113224
10711,3,112183
10741,3,111160
10771,3,111408
10801,3,110741
10831,3,111037
10861,3,111482
10891,3,112561
10921,3,112790
10951,3,112309
10981,3,111756
11011,3,111358
11041,3,110521
11071,3,112866
11101,3,112943
11131,3,112208
11161,3,111259
11191,3,111358
11221,3,110864
11251,3,110643
11281,3,113301
11311,3,111061
11341,3,110448
11371,3,111259
11401,3,112157
11431,3,111383
11461,3,110107
11491,3,109962
11521,3,111731
11551,3,111756
11581,3,111806
11611,3,111831
11641,3,111284
11671,3,111507
11701,3,110570
11731,3,110350
11761,3,111333
11791,3,111234
11821,3,111482
11851,3,112536
11881,3,111408
11911,3,112968
11941,3,111957
11971,3,111507
12001,3,111185
12031,3,112587
12061,3,109841
12091,3,110815
12121,3,112561
12151,3,111507
12181,3,112359
12211,3,111234
12241,3,112917
12271,3,111906
12301,3,112233
12331,3,113019
12361,3,113404
12391,3,113071
12421,3,110864
12451,3,111037
12481,3,111482
12511,3,111111
12541,3,111856
12571,3,112561
12601,3,111284
12631,3,112485
12661,3,113199
12691,3,112536
12721,3,112866
12751,3,111656
12781,3,113455
12811,3,112384
12841,3,111632
12871,3,112007
12901,3,112435
12931,3,112460
12961,3,110302
12991,3,113507
13021,3,111012
13051,3,112688
13081,3,111681
13111,3,111433
13141,3,112435
13171,3,112157
13201,3,110987
13231,3,111209
13261,3,110643
13291,3,111532
13321,3,112968
13351,3,110668
13381,3,110156
13411,3,110350
13441,3,111185
13471,3,112815
13501,3,112841
13531,3,111957
13561,3,109577
13591,3,110277
13621,3,110791
13651,3,112309
13681,3,112007
13711,3,111061
13741,3,111881
13771,3,111160
13801,3,110938
13831,3,111012
13861,3,111457
13891,3,111408
13921,3,111333
13951,3,112587
13981,3,110668
14011,3,110595
14041,3,108908
14071,3,111656
14101,3,111532
14131,3,110546
14161,3,110350
14191,3,110963
14221,3,109769
14251,3,111234
14281,3,111358
14311,3,112637
14341,3,110938
14371,3,110987
14401,3,110692
14431,3,110889
14461,3,111656
14491,3,110668
14521,3,110889
14551,3,111209
14581,3,109986
14611,3,110497
14641,3,109841
14671,3,111333
14701,3,111656
14731,3,109938
14761,3,112460
14791,3,111457
14821,3,111234
14851,3,112688
14881,3,111135
14911,3,111906
14941,3,110326
14971,3,109817
31,5,161342
61,5,163505
91,5,164203
121,5,160926
151,5,163934
181,5,161917
211,5,162972
241,5,162707
271,5,162443
301,5,164798
331,5,164798
361,5,168463
391,5,163398
421,5,161812
451,5,165125
481,5,164041
511,5,163185
541,5,165837
571,5,166611
601,5,163345
631,5,165782
661,5,163612
691,5,162707
721,5,166889
751,5,161969
781,5,162972
811,5,163078
841,5,166278
871,5,163345
901,5,163452
931,5,162972
961,5,165727
991,5,166002
1021,5,161969
1051,5,163934
1081,5,161082
1111,5,159540
1141,5,165343
1171,5,161498
1201,5,162654
1231,5,166777
1261,5,163132
1291,5,164907
1321,5,163185
1351,5,160307
1381,5,163291
1411,5,164473
1441,5,160153
1471,5,162390
1501,5,162707
1531,5,163025
1561,5,158780
1591,5,162813
1621,5,161290
1651,5,161969
1681,5,162707
1711,5,165125
1741,5,165453
1771,5,162495
1801,5,164853
1831,5,161917
1861,5,166777
1891,5,161812
1921,5,165180
1951,5,156838
1981,5,166278
2011,5,162601
2041,5,162601
2071,5,164690
2101,5,165782
2131,5,162390
2161,5,164203
2191,5,161969
2221,5,161290
2251,5,162022
2281,5,161759
2311,5,160102
2341,5,160051
2371,5,162179
2401,5,161969
2431,5,157529
2461,5,165892
2491,5,160102
2521,5,161290
2551,5,164473
2581,5,163185
2611,5,165070
2641,5,163559
2671,5,164690
2701,5,169033
2731,5,161812
2761,5,161446
2791,5,161498
2821,5,165016
2851,5,159489
2881,5,163291
2911,5,159337
2941,5,164962
2971,5,162813
3001,5,165125
3031,5,163934
3061,5,161812
3091,5,161812
3121,5,163666
3151,5,165453
3181,5,160565
3211,5,166278
3241,5,165617
3271,5,160926
3301,5,160256
3331,5,162707
3361,5,163719
3391,5,161707
3421,5,164907
3451,5,168123
3481,5,166833
3511,5,163078
3541,5,167954
3571,5,169204
3601,5,161134
3631,5,163025
3661,5,165343
3691,5,165289
3721,5,163078
3751,5,161394
3781,5,160926
3811,5,162022
3841,5,164419
3871,5,161394
3901,5,164041
3931,5,163291
3961,5,163398
3991,5,159489
4021,5,160720
4051,5,163078
4081,5,160410
4111,5,162972
4141,5,163934
4171,5,164419
4201,5,165398
4231,5,163238
4261,5,159693
4291,5,162548
4321,5,163025
4351,5,162390
4381,5,161759
4411,5,164581
4441,5,168520
4471,5,166833
4501,5,163934
4531,5,167392
4561,5,163934
4591,5,160205
4621,5,163612
4651,5,163452
4681,5,160256
4711,5,164636
4741,5,160875
4771,5,158831
4801,5,164203
4831,5,168180
4861,5,162337
4891,5,159286
4921,5,164798
4951,5,162127
4981,5,160720
5011,5,160668
5041,5,156103
5071,5,165508
5101,5,163559
5131,5,163185
5161,5,161446
5191,5,161186
5221,5,163505
5251,5,163666
5281,5,159846
5311,5,164473
5341,5,161812
5371,5,161030
5401,5,163559
5431,5,162179
5461,5,161082
5491,5,160102
5521,5,161707
5551,5,163988
5581,5,163398
5611,5,161134
5641,5,160205
5671,5,164473
5701,5,164095
5731,5,159591
5761,5,159540
5791,5,162601
5821,5,159591
5851,5,162284
5881,5,160720
5911,5,161759
5941,5,162232
5971,5,162337
6001,5,161446
6031,5,162179
6061,5,163398
6091,5,159744
6121,5,161812
6151,5,163612
6181,5,160205
6211,5,163505
6241,5,164962
6271,5,162495
6301,5,159744
6331,5,160720
6361,5,162866
6391,5,160000
6421,5,159033
6451,5,163291
6481,5,165125
6511,5,163934
6541,5,168520
6571,5,163025
6601,5,165398
6631,5,165837
6661,5,160823
6691,5,162972
6721,5,161812
6751,5,160978
6781,5,161759
6811,5,161655
6841,5,164311
6871,5,162127
6901,5,162707
6931,5,163185
6961,5,164203
6991,5,163934
7021,5,161498
7051,5,162022
7081,5,162337
7111,5,159489
7141,5,164473
7171,5,159184
7201,5,161186
7231,5,164149
7261,5,159693
7291,5,157728
7321,5,159897
7351,5,162390
7381,5,162127
7411,5,163398
7441,5,163719
7471,5,157282
7501,5,160513
7531,5,161550
7561,5,162654
7591,5,162495
7621,5,162390
7651,5,162548
7681,5,164853
7711,5,162813
7741,5,159693
7771,5,162443
7801,5,159083
7831,5,159591
7861,5,161394
7891,5,164690
7921,5,159642
7951,5,156543
7981,5,161498
8011,5,162232
8041,5,166500
8071,5,163078
8101,5,166057
8131,5,161969
8161,5,160668
8191,5,163291
8221,5,164636
8251,5,159693
8281,5,159744
8311,5,154035
8341,5,163666
8371,5,162654
8401,5,162601
8431,5,158579
8461,5,158780
8491,5,159948
8521,5,158730
8551,5,162337
8581,5,162548
8611,5,160153
8641,5,160205
8671,5,161134
8701,5,157828
8731,5,160875
8761,5,167616
8791,5,160771
8821,5,164962
8851,5,161446
8881,5,159846
8911,5,158478
8941,5,163025
8971,5,160359
9001,5,160978
9031,5,159897
9061,5,162972
9091,5,162866
9121,5,161550
9151,5,163880
9181,5,159540
9211,5,159033
9241,5,163559
9271,5,162127
9301,5,160153
9331,5,161186
9361,5,162707
9391,5,161446
9421,5,160978
9451,5,164203
9481,5,162495
9511,5,163826
9541,5,163773
9571,5,159235
9601,5,160720
9631,5,159489
9661,5,159083
9691,5,164149
9721,5,159795
9751,5,160616
9781,5,159591
9811,5,161394
9841,5,165070
9871,5,167392
9901,5,161342
9931,5,160616
9961,5,162601
9991,5,159083
10021,5,161707
10051,5,157828
10081,5,161864
10111,5,161082
10141,5,158579
10171,5,161030
10201,5,162972
10231,5,160359
10261,5,161238
10291,5,163505
10321,5,158528
10351,5,162232
10381,5,158528
10411,5,163078
10441,5,161030
10471,5,157381
10501,5,157927
10531,5,161917
10561,5,164095
10591,5,159489
10621,5,160153
10651,5,164095
10681,5,163025
10711,5,160051
10741,5,160513
10771,5,160616
10801,5,156201
10831,5,157878
10861,5,159693
10891,5,163880
10921,5,163291
10951,5,159286
10981,5,161030
11011,5,160256
11041,5,158428
11071,5,159235
11101,5,160565
11131,5,161917
11161,5,158579
11191,5,161134
11221,5,158428
11251,5,158378
11281,5,159897
11311,5,158982
11341,5,163612
11371,5,162390
11401,5,157778
11431,5,158277
11461,5,157778
11491,5,161603
11521,5,161030
11551,5,157084
11581,5,159744
11611,5,161446
11641,5,158428
11671,5,161603
11701,5,161759
11731,5,163826
11761,5,157878
11791,5,159033
11821,5,158730
11851,5,158528
11881,5,160926
11911,5,160513
11941,5,157183
11971,5,158528
12001,5,157629
12031,5,160256
12061,5,156838
12091,5,164419
12121,5,161030
12151,5,160256
12181,5,158982
12211,5,158579
12241,5,159033
12271,5,160462
12301,5,161707
12331,5,163666
12361,5,161394
12391,5,160000
12421,5,158881
12451,5,160410
12481,5,157678
12511,5,159540
12541,5,158127
12571,5,159387
12601,5,161603
12631,5,158027
12661,5,155811
12691,5,154750
12721,5,160823
12751,5,155860
12781,5,158127
12811,5,162284
12841,5,161030
12871,5,162495
12901,5,159897
12931,5,160410
12961,5,160359
12991,5,160771
13021,5,162654
13051,5,162179
13081,5,162813
13111,5,157084
13141,5,159591
13171,5,159897
13201,5,159286
13231,5,157084
13261,5,160823
13291,5,160205
13321,5,159591
13351,5,160462
13381,5,158982
13411,5,156006
13441,5,159184
13471,5,157728
13501,5,158881
13531,5,160978
13561,5,160513
13591,5,159184
13621,5,160307
13651,5,160410
13681,5,156641
13711,5,160410
13741,5,155908
13771,5,162972
13801,5,158328
13831,5,158027
13861,5,160051
13891,5,159795
13921,5,157480
13951,5,158931
13981,5,161812
14011,5,158730
14041,5,159489
14071,5,159489
14101,5,160410
14131,5,158428
14161,5,160051
14191,5,158177
14221,5,160926
14251,5,158177
14281,5,160051
14311,5,161550
14341,5,160720
14371,5,157430
14401,5,162337
14431,5,164853
14461,5,156690
14491,5,159795
14521,5,159235
14551,5,160000
14581,5,158931
14611,5,161812
14641,5,157678
14671,5,158328
14701,5,155183
14731,5,160205
14761,5,155134
14791,5,161134
14821,5,157629
14851,5,160051
14881,5,159897
14911,5,158831
14941,5,163773
14971,5,159438
31,7,182949
61,7,182481
91,7,181884
121,7,184979
151,7,182016
181,7,184365
211,7,185666
241,7,184365
271,7,182548
301,7,185942
331,7,180440
361,7,182415
391,7,183150
421,7,188679
451,7,180635
481,7,181686
511,7,177746
541,7,182748
571,7,184774
601,7,184433
631,7,181093
661,7,180180
691,7,181290
721,7,182016
751,7,182748
781,7,182748
811,7,179468
841,7,181093
871,7,181159
901,7,184569
931,7,181950
961,7,182083
991,7,182615
1021,7,182282
1051,7,183284
1081,7,181225
1111,7,183553
1141,7,178826
1171,7,184094
1201,7,183891
1231,7,184569
1261,7,184162
1291,7,190258
1321,7,178253
1351,7,177116
1381,7,184569
1411,7,181554
1441,7,180050
1471,7,183553
1501,7,184094
1531,7,187687
1561,7,180570
1591,7,178954
1621,7,181950
1651,7,178699
1681,7,178954
1711,7,176056
1741,7,188323
1771,7,181818
1801,7,181818
1831,7,180440
1861,7,182083
1891,7,182415
1921,7,183958
1951,7,180115
1981,7,180505
2011,7,179533
2041,7,180897
2071,7,180962
2101,7,180766
2131,7,184162
2161,7,185116
2191,7,181422
2221,7,184842
2251,7,183418
2281,7,183621
2311,7,185942
2341,7,184162
2371,7,180050
2401,7,180962
2431,7,183891
2461,7,184162
2491,7,185666
2521,7,177935
2551,7,181028
2581,7,182748
2611,7,182548
2641,7,181818
2671,7,186150
2701,7,180831
2731,7,186081
2761,7,177619
2791,7,184638
2821,7,179147
2851,7,181159
2881,7,178380
2911,7,180897
2941,7,180570
2971,7,173671
3001,7,185666
3031,7,181356
3061,7,179791
3091,7,180766
3121,7,181093
3151,7,182083
3181,7,180440
3211,7,180897
3241,7,179147
3271,7,183418
3301,7,177430
3331,7,179083
3361,7,179147
3391,7,177935
3421,7,171057
3451,7,180766
3481,7,167336
3511,7,174337
3541,7,169894
3571,7,176928
3601,7,173852
3631,7,182083
3661,7,181620
3691,7,175561
3721,7,179018
3751,7,182748
3781,7,173250
3811,7,180831
3841,7,177430
3871,7,176304
3901,7,179920
3931,7,175070
3961,7,179468
3991,7,177430
4021,7,176366
4051,7,177242
4081,7,174641
4111,7,178443
4141,7,182083
4171,7,182016
4201,7,180050
4231,7,178571
4261,7,173731
4291,7,178571
4321,7,178635
4351,7,180831
4381,7,175315
4411,7,176180
4441,7,171998
4471,7,178826
4501,7,178762
4531,7,180050
4561,7,180635
4591,7,177304
4621,7,176304
4651,7,171585
4681,7,181686
4711,7,173370
4741,7,178699
4771,7,180115
4801,7,178380
4831,7,180897
4861,7,183351
4891,7,180505
4921,7,180050
4951,7,178507
4981,7,178316
5011,7,177746
5041,7,183486
5071,7,178507
5101,7,176740
5131,7,171998
5161,7,176304
5191,7,174155
5221,7,184162
5251,7,178062
5281,7,174825
5311,7,178826
5341,7,177999
5371,7,179662
5401,7,175254
5431,7,178507
5461,7,184706
5491,7,182882
5521,7,181884
5551,7,184638
5581,7,180635
5611,7,180962
5641,7,181686
5671,7,180766
5701,7,182815
5731,7,181422
5761,7,180505
5791,7,177430
5821,7,176242
5851,7,182615
5881,7,181818
5911,7,180115
5941,7,178635
5971,7,178380
6001,7,185942
6031,7,182748
6061,7,182215
6091,7,181752
6121,7,180115
6151,7,178954
6181,7,174276
6211,7,181488
6241,7,178062
6271,7,182282
6301,7,177935
6331,7,179920
6361,7,180115
6391,7,186219
6421,7,185804
6451,7,182748
6481,7,179856
6511,7,177493
6541,7,178062
6571,7,175685
6601,7,186011
6631,7,182016
6661,7,178507
6691,7,180897
6721,7,184501
6751,7,177619
6781,7,183351
6811,7,179018
6841,7,179985
6871,7,183351
6901,7,180570
6931,7,181422
6961,7,181554
6991,7,181554
7021,7,180180
7051,7,180962
7081,7,180570
7111,7,181225
7141,7,183150
7171,7,181093
7201,7,184094
7231,7,184501
7261,7,185322
7291,7,182215
7321,7,177746
7351,7,182548
7381,7,182348
7411,7,178126
7441,7,177430
7471,7,184297
7501,7,177556
7531,7,182415
7561,7,183891
7591,7,181488
7621,7,181752
7651,7,179985
7681,7,185459
7711,7,182149
7741,7,180635
7771,7,185873
7801,7,177179
7831,7,180962
7861,7,183217
7891,7,184638
7921,7,178189
7951,7,181159
7981,7,173190
8011,7,173671
8041,7,181356
8071,7,184026
8101,7,179147
8131,7,179275
8161,7,179662
8191,7,181554
8221,7,183217
8251,7,179597
8281,7,181884
8311,7,184638
8341,7,178380
8371,7,183486
8401,7,175500
8431,7,181884
8461,7,183486
8491,7,182282
8521,7,180570
8551,7,180897
8581,7,178507
8611,7,184706
8641,7,181884
8671,7,177367
8701,7,179275
8731,7,180897
8761,7,183418
8791,7,156445
8821,7,178253
8851,7,168804
8881,7,165508
8911,7,173130
8941,7,164473
8971,7,173490
9001,7,175070
9031,7,166611
9061,7,167392
9091,7,168520
9121,7,168577
9151,7,166333
9181,7,167560
9211,7,173430
9241,7,163880
9271,7,166168
9301,7,169664
9331,7,164962
9361,7,167392
9391,7,163345
9421,7,165508
9451,7,163773
9481,7,165070
9511,7,164581
9541,7,170010
9571,7,168861
9601,7,166002
9631,7,167336
9661,7,168747
9691,7,168236
9721,7,168577
9751,7,164149
9781,7,166333
9811,7,165180
9841,7,172057
9871,7,166777
9901,7,165453
9931,7,173490
9961,7,170357
9991,7,169319
10021,7,167504
10051,7,172176
10081,7,169779
10111,7,169262
10141,7,170765
10171,7,167504
10201,7,170357
10231,7,166833
10261,7,175254
10291,7,168634
10321,7,167841
10351,7,167897
10381,7,172592
10411,7,170765
10441,7,169434
10471,7,165782
10501,7,169147
10531,7,167504
10561,7,168976
10591,7,166278
10621,7,167672
10651,7,171057
10681,7,169262
10711,7,165837
10741,7,170648
10771,7,171762
10801,7,173490
10831,7,166555
10861,7,169090
10891,7,163934
10921,7,169434
10951,7,165016
10981,7,165562
11011,7,165672
11041,7,166057
11071,7,165125
11101,7,163398
11131,7,164365
11161,7,165727
11191,7,169606
11221,7,170299
11251,7,165398
11281,7,168123
11311,7,168406
11341,7,162284
11371,7,160875
11401,7,170881
11431,7,169204
11461,7,165343
11491,7,169376
11521,7,168180
11551,7,166112
11581,7,169376
11611,7,166889
11641,7,166611
11671,7,167224
11701,7,169491
11731,7,167897
11761,7,164962
11791,7,165562
11821,7,164041
11851,7,165782
11881,7,164473
11911,7,169434
11941,7,166223
11971,7,163934
12001,7,166889
12031,7,166057
12061,7,168236
12091,7,164853
12121,7,165617
12151,7,167112
12181,7,165125
12211,7,166333
12241,7,165180
12271,7,163398
12301,7,167168
12331,7,167168
12361,7,157927
12391,7,169434
12421,7,167672
12451,7,167841
12481,7,164473
12511,7,166555
12541,7,164149
12571,7,163025
12601,7,169090
12631,7,164962
12661,7,165892
12691,7,163826
12721,7,162972
12751,7,166444
12781,7,167616
12811,7,169376
12841,7,171232
12871,7,170241
12901,7,167280
12931,7,161550
12961,7,169664
12991,7,160926
13021,7,165070
13051,7,165947
13081,7,165016
13111,7,168690
13141,7,171821
13171,7,167224
13201,7,166611
13231,7,163826
13261,7,171821
13291,7,166168
13321,7,166057
13351,7,162919
13381,7,170415
13411,7,170473
13441,7,166500
13471,7,172057
13501,7,167785
13531,7,164636
13561,7,170473
13591,7,168067
13621,7,161498
13651,7,166666
13681,7,162548
13711,7,166555
13741,7,167112
13771,7,164149
13801,7,158780
13831,7,166002
13861,7,161446
13891,7,159591
13921,7,160359
13951,7,164149
13981,7,167504
14011,7,167112
14041,7,162495
14071,7,167000
14101,7,166112
14131,7,166722
14161,7,168067
14191,7,168976
14221,7,170940
14251,7,168010
14281,7,168634
14311,7,174337
14341,7,168350
14371,7,169664
14401,7,170010
14431,7,170415
14461,7,163132
14491,7,169779
14521,7,169376
14551,7,167728
14581,7,170532
14611,7,165672
14641,7,164798
14671,7,168067
14701,7,170299
14731,7,164907
14761,7,168690
14791,7,167280
14821,7,168236
14851,7,168918
14881,7,167841
14911,7,165947
14941,7,168010
14971,7,175746
31,9,190186
61,9,186081
91,9,184979
121,9,182016
151,9,185666
181,9,186636
211,9,185804
241,9,180050
271,9,185459
301,9,184501
331,9,180570
361,9,181290
391,9,186081
421,9,178062
451,9,184638
481,9,182415
511,9,183016
541,9,183688
571,9,180180
601,9,182748
631,9,186150
661,9,186358
691,9,188111
721,9,184911
751,9,181752
781,9,182815
811,9,179856
841,9,180505
871,9,183351
901,9,179533
931,9,182348
961,9,184501
991,9,178954
1021,9,180505
1051,9,183755
1081,9,181225
1111,9,183418
1141,9,184162
1171,9,183150
1201,9,181950
1231,9,178380
1261,9,185459
1291,9,184706
1321,9,184501
1351,9,180766
1381,9,184911
1411,9,184501
1441,9,192678
1471,9,185322
1501,9,183823
1531,9,183150
1561,9,182949
1591,9,185253
1621,9,178507
1651,9,180701
1681,9,189753
1711,9,183823
1741,9,182149
1771,9,183553
1801,9,183083
1831,9,180962
1861,9,186428
1891,9,181884
1921,9,179791
1951,9,183958
1981,9,184297
2011,9,181356
2041,9,181488
2071,9,179985
2101,9,179275
2131,9,177556
2161,9,182016
2191,9,182615
2221,9,185322
2251,9,180701
2281,9,188182
2311,9,180375
2341,9,183351
2371,9,187336
2401,9,182548
2431,9,182481
2461,9,182215
2491,9,178762
2521,9,184026
2551,9,182681
2581,9,182149
2611,9,178380
2641,9,185253
2671,9,179533
2701,9,184162
2731,9,181356
2761,9,182615
2791,9,181686
2821,9,177809
2851,9,177179
2881,9,184979
2911,9,182083
2941,9,180245
2971,9,185048
3001,9,178635
3031,9,180245
3061,9,180831
3091,9,179662
3121,9,182415
3151,9,180050
3181,9,184706
3211,9,176678
3241,9,184229
3271,9,181620
3301,9,184979
3331,9,177493
3361,9,188323
3391,9,183284
3421,9,181752
3451,9,181159
3481,9,179211
3511,9,179985
3541,9,177556
3571,9,175808
3601,9,180962
3631,9,183486
3661,9,181356
3691,9,180831
3721,9,178699
3751,9,182083
3781,9,179275
3811,9,178699
3841,9,179468
3871,9,182815
3901,9,178635
3931,9,179597
3961,9,182215
3991,9,185253
4021,9,180440
4051,9,180440
4081,9,184365
4111,9,186081
4141,9,183150
4171,9,182615
4201,9,185597
4231,9,179275
4261,9,190114
4291,9,183688
4321,9,178316
4351,9,181884
4381,9,181686
4411,9,187406
4441,9,181620
4471,9,179404
4501,9,182149
4531,9,179018
4561,9,187265
4591,9,182282
4621,9,183486
4651,9,179985
4681,9,179791
4711,9,182681
4741,9,183150
4771,9,183083
4801,9,181950
4831,9,181686
4861,9,179275
4891,9,183823
4921,9,180962
4951,9,183958
4981,9,183351
5011,9,182282
5041,9,184706
5071,9,183958
5101,9,179726
5131,9,183823
5161,9,182215
5191,9,183016
5221,9,177872
5251,9,183351
5281,9,182815
5311,9,183621
5341,9,180245
5371,9,183284
5401,9,182481
5431,9,185873
5461,9,181028
5491,9,183351
5521,9,179726
5551,9,181950
5581,9,184706
5611,9,177367
5641,9,181093
5671,9,178890
5701,9,187899
5731,9,184774
5761,9,180440
5791,9,180115
5821,9,181554
5851,9,178380
5881,9,179275
5911,9,182348
5941,9,183351
5971,9,182016
6001,9,178062
6031,9,181290
6061,9,175377
6091,9,174216
6121,9,181554
6151,9,179340
6181,9,177242
6211,9,180180
6241,9,179211
6271,9,179404
6301,9,173250
6331,9,179340
6361,9,180180
6391,9,185391
6421,9,180505
6451,9,176865
6481,9,178699
6511,9,181093
6541,9,182615
6571,9,181356
6601,9,189753
6631,9,186846
6661,9,178635
6691,9,177367
6721,9,180050
6751,9,177430
6781,9,180570
6811,9,175008
6841,9,184229
6871,9,177872
6901,9,176491
6931,9,176118
6961,9,178635
6991,9,173611
7021,9,183418
7051,9,179147
7081,9,181818
7111,9,178126
7141,9,177619
7171,9,179662
7201,9,184026
7231,9,178762
7261,9,179791
7291,9,177683
7321,9,177053
7351,9,178890
7381,9,176865
7411,9,177935
7441,9,180050
7471,9,176553
7501,9,176118
7531,9,180897
7561,9,180180
7591,9,179726
7621,9,181818
7651,9,178443
7681,9,181950
7711,9,180050
7741,9,182481
7771,9,176366
7801,9,180635
7831,9,178126
7861,9,182748
7891,9,178635
7921,9,174703
7951,9,182548
7981,9,179985
8011,9,177619
8041,9,176991
8071,9,178189
8101,9,175994
8131,9,177935
8161,9,179662
8191,9,177179
8221,9,175932
8251,9,178062
8281,9,178316
8311,9,177116
8341,9,182748
8371,9,177367
8401,9,174094
8431,9,174216
8461,9,179791
8491,9,176928
8521,9,178890
8551,9,180440
8581,9,182016
8611,9,179404
8641,9,175685
8671,9,178316
8701,9,178762
8731,9,172771
8761,9,176429
8791,9,180766
8821,9,179147
8851,9,180180
8881,9,177053
8911,9,176304
8941,9,175500
8971,9,177999
9001,9,180766
9031,9,184911
9061,9,182215
9091,9,184569
9121,9,178635
9151,9,179791
9181,9,175192
9211,9,179791
9241,9,175254
9271,9,175561
9301,9,180701
9331,9,176678
9361,9,179985
9391,9,178253
9421,9,178380
9451,9,182882
9481,9,178126
9511,9,182149
9541,9,177872
9571,9,179404
9601,9,179597
9631,9,181225
9661,9,175685
9691,9,180180
9721,9,176865
9751,9,180180
9781,9,179275
9811,9,181159
9841,9,179275
9871,9,176056
9901,9,179920
9931,9,177619
9961,9,175008
9991,9,180050
10021,9,175808
10051,9,176056
10081,9,175994
10111,9,178380
10141,9,179726
10171,9,179662
10201,9,182815
10231,9,175932
10261,9,176180
10291,9,181818
10321,9,181950
10351,9,178890
10381,9,176616
10411,9,177935
10441,9,180897
10471,9,180831
10501,9,179533
10531,9,180831
10561,9,179340
10591,9,172413
10621,9,180050
10651,9,179920
10681,9,178699
10711,9,179985
10741,9,177242
10771,9,179920
10801,9,178126
10831,9,179856
10861,9,175131
10891,9,175623
10921,9,176991
10951,9,178443
10981,9,178126
11011,9,179726
11041,9,172950
11071,9,179404
11101,9,172057
11131,9,176366
11161,9,176553
11191,9,177053
11221,9,175192
11251,9,176553
11281,9,177746
11311,9,177872
11341,9,178507
11371,9,181290
11401,9,175070
11431,9,183688
11461,9,177242
11491,9,177556
11521,9,179083
11551,9,177430
11581,9,179083
11611,9,176366
11641,9,178126
11671,9,175870
11701,9,178571
11731,9,176740
11761,9,179083
11791,9,177493
11821,9,177556
11851,9,183486
11881,9,177999
11911,9,180115
11941,9,177053
11971,9,181356
12001,9,176118
12031,9,177304
12061,9,175561
12091,9,173310
12121,9,181818
12151,9,175192
12181,9,178890
12211,9,177367
12241,9,181093
12271,9,175623
12301,9,177935
12331,9,176180
12361,9,181686
12391,9,175254
12421,9,175131
12451,9,182681
12481,9,173310
12511,9,179597
12541,9,177179
12571,9,179404
12601,9,178062
12631,9,182149
12661,9,178699
12691,9,177179
12721,9,179468
12751,9,179662
12781,9,174459
12811,9,171762
12841,9,175746
12871,9,178762
12901,9,175994
12931,9,176616
12961,9,177304
12991,9,177304
13021,9,177179
13051,9,176740
13081,9,178380
13111,9,176056
13141,9,174459
13171,9,175561
13201,9,175315
13231,9,175746
13261,9,175746
13291,9,177242
13321,9,174641
13351,9,171939
13381,9,178826
13411,9,174398
13441,9,175131
13471,9,177367
13501,9,177430
13531,9,180310
13561,9,175932
13591,9,170590
13621,9,176056
13651,9,179147
13681,9,176928
13711,9,175561
13741,9,176616
13771,9,178316
13801,9,180180
13831,9,173611
13861,9,175994
13891,9,173010
13921,9,177242
13951,9,174459
13981,9,170998
14011,9,177367
14041,9,171998
14071,9,173973
14101,9,179920
14131,9,175070
14161,9,174276
14191,9,175377
14221,9,177430
14251,9,175500
14281,9,178507
14311,9,178062
14341,9,180440
14371,9,176616
14401,9,175500
14431,9,179340
14461,9,179791
14491,9,174641
14521,9,175870
14551,9,177179
14581,9,181950
14611,9,179468
14641,9,180766
14671,9,174520
14701,9,178253
14731,9,177179
14761,9,172117
14791,9,176616
14821,9,174034
14851,9,175500
14881,9,178826
14911,9,175438
14941,9,178571
14971,9,177872
31,11,187969
61,11,194174
91,11,192159
121,11,183553
151,11,189897
181,11,186846
211,11,185048
241,11,191570
271,11,182016
301,11,185322
331,11,188679
361,11,190985
391,11,181554
421,11,186776
451,11,189322
481,11,193873
511,11,183755
541,11,188394
571,11,182215
601,11,182882
631,11,190331
661,11,188111
691,11,189178
721,11,187617
751,11,182348
781,11,183891
811,11,186081
841,11,182415
871,11,190621
901,11,183486
931,11,191938
961,11,189178
991,11,186428
1021,11,185942
1051,11,186011
1081,11,183823
1111,11,186289
1141,11,183016
1171,11,186497
1201,11,183755
1231,11,184094
1261,11,183418
1291,11,185185
1321,11,184569
1351,11,189250
1381,11,182282
1411,11,186289
1441,11,187617
1471,11,185735
1501,11,187265
1531,11,190985
1561,11,186985
1591,11,184569
1621,11,185391
1651,11,189465
1681,11,186358
1711,11,181818
1741,11,191424
1771,11,188821
1801,11,183418
1831,11,185942
1861,11,188253
1891,11,183150
1921,11,186706
1951,11,188679
1981,11,187195
2011,11,187125
2041,11,177367
2071,11,189753
2101,11,184026
2131,11,184979
2161,11,185322
2191,11,184026
2221,11,184979
2251,11,187758
2281,11,184501
2311,11,193348
2341,11,186289
2371,11,190258
2401,11,193948
2431,11,192307
2461,11,188536
2491,11,183150
2521,11,183823
2551,11,181422
2581,11,188679
2611,11,183217
2641,11,187265
2671,11,186567
2701,11,189969
2731,11,184229
2761,11,192159
2791,11,187265
2821,11,184433
2851,11,189609
2881,11,186706
2911,11,183958
2941,11,183958
2971,11,186636
3001,11,183150
3031,11,190186
3061,11,181818
3091,11,187969
3121,11,184569
3151,11,184365
3181,11,186428
3211,11,186358
3241,11,183284
3271,11,183688
3301,11,186428
3331,11,189825
3361,11,193348
3391,11,186776
3421,11,185048
3451,11,181686
3481,11,184501
3511,11,184094
3541,11,179662
3571,11,182481
3601,11,182615
3631,11,184842
3661,11,184229
3691,11,183755
3721,11,183418
3751,11,189825
3781,11,194024
3811,11,186985
3841,11,186428
3871,11,183486
3901,11,181290
3931,11,187055
3961,11,193498
3991,11,184842
4021,11,187195
4051,11,182548
4081,11,185873
4111,11,185116
4141,11,182815
4171,11,179275
4201,11,185322
4231,11,185873
4261,11,187969
4291,11,190912
4321,11,185735
4351,11,180310
4381,11,185597
4411,11,185116
4441,11,184774
4471,11,183958
4501,11,179791
4531,11,186636
4561,11,185873
4591,11,183958
4621,11,186150
4651,11,182748
4681,11,184842
4711,11,179597
4741,11,185597
4771,11,183418
4801,11,182215
4831,11,185873
4861,11,186636
4891,11,181290
4921,11,185942
4951,11,183688
4981,11,182681
5011,11,181620
5041,11,181686
5071,11,182615
5101,11,181093
5131,11,184638
5161,11,185804
5191,11,187055
5221,11,182615
5251,11,182815
5281,11,184297
5311,11,185873
5341,11,185322
5371,11,187758
5401,11,182348
5431,11,180180
5461,11,187336
5491,11,186358
5521,11,181620
5551,11,182016
5581,11,185048
5611,11,185528
5641,11,185942
5671,11,183418
5701,11,182149
5731,11,180115
5761,11,186219
5791,11,181290
5821,11,183016
5851,11,182415
5881,11,180831
5911,11,187336
5941,11,184229
5971,11,183958
6001,11,186985
6031,11,181752
6061,11,180897
6091,11,182681
6121,11,184094
6151,11,186915
6181,11,183150
6211,11,183418
6241,11,180375
6271,11,181620
6301,11,184297
6331,11,181159
6361,11,181159
6391,11,186497
6421,11,181620
6451,11,187546
6481,11,187969
6511,11,182815
6541,11,185116
6571,11,182415
6601,11,183755
6631,11,181950
6661,11,187969
6691,11,186219
6721,11,183150
6751,11,187687
6781,11,182949
6811,11,189681
6841,11,182681
6871,11,184706
6901,11,180831
6931,11,182415
6961,11,181620
6991,11,181620
7021,11,182215
7051,11,184094
7081,11,182815
7111,11,187336
7141,11,188253
7171,11,181488
7201,11,183217
7231,11,184569
7261,11,182615
7291,11,182282
7321,11,186358
7351,11,185322
7381,11,187336
7411,11,183958
7441,11,178826
7471,11,184842
7501,11,182149
7531,11,180962
7561,11,181159
7591,11,179985
7621,11,180766
7651,11,182215
7681,11,181884
7711,11,183016
7741,11,188608
7771,11,177242
7801,11,183553
7831,11,182882
7861,11,180897
7891,11,181028
7921,11,181488
7951,11,179533
7981,11,182882
8011,11,180245
8041,11,181356
8071,11,179920
8101,11,180310
8131,11,186081
8161,11,176429
8191,11,183891
8221,11,181752
8251,11,179083
8281,11,190331
8311,11,183016
8341,11,182815
8371,11,188821
8401,11,185322
8431,11,185116
8461,11,184297
8491,11,181884
8521,11,182681
8551,11,178380
8581,11,185528
8611,11,183553
8641,11,184297
8671,11,181884
8701,11,185873
8731,11,181620
8761,11,184229
8791,11,183284
8821,11,180766
8851,11,184842
8881,11,182083
8911,11,179211
8941,11,179791
8971,11,180831
9001,11,179340
9031,11,181290
9061,11,186289
9091,11,181290
9121,11,188893
9151,11,187758
9181,11,186636
9211,11,182548
9241,11,185459
9271,11,182548
9301,11,177430
9331,11,180831
9361,11,186011
9391,11,185185
9421,11,186081
9451,11,185391
9481,11,181356
9511,11,183823
9541,11,184842
9571,11,184911
9601,11,179985
9631,11,182815
9661,11,181686
9691,11,179791
9721,11,178762
9751,11,176803
9781,11,179985
9811,11,178762
9841,11,177935
9871,11,179920
9901,11,180310
9931,11,182083
9961,11,178507
9991,11,176803
10021,11,177935
10051,11,186497
10081,11,185116
10111,11,185804
10141,11,191277
10171,11,189969
10201,11,193573
10231,11,192678
10261,11,194855
10291,11,183891
10321,11,188964
10351,11,188111
10381,11,186985
10411,11,189825
10441,11,188536
10471,11,194174
10501,11,187687
10531,11,188182
10561,11,185322
10591,11,190621
10621,11,186150
10651,11,192307
10681,11,184297
10711,11,188253
10741,11,193348
10771,11,192826
10801,11,184501
10831,11,185597
10861,11,187828
10891,11,189825
10921,11,186428
10951,11,184569
10981,11,192307
11011,11,186497
11041,11,196001
11071,11,188536
11101,11,187687
11131,11,177872
11161,11,176865
11191,11,178571
11221,11,181818
11251,11,182481
11281,11,181488
11311,11,171880
11341,11,183083
11371,11,179211
11401,11,180831
11431,11,181356
11461,11,183755
11491,11,182083
11521,11,179404
11551,11,180115
11581,11,182949
11611,11,180766
11641,11,179791
11671,11,183891
11701,11,181488
11731,11,182615
11761,11,188536
11791,11,179275
11821,11,177872
11851,11,183486
11881,11,182215
11911,11,186011
11941,11,180766
11971,11,182016
12001,11,164581
12031,11,181422
12061,11,183284
12091,11,180115
12121,11,181818
12151,11,180701
12181,11,182083
12211,11,178699
12241,11,180375
12271,11,178507
12301,11,181950
12331,11,179726
12361,11,179340
12391,11,183016
12421,11,179597
12451,11,177304
12481,11,183016
12511,11,180701
12541,11,176553
12571,11,182149
12601,11,181620
12631,11,181620
12661,11,179468
12691,11,181620
12721,11,181884
12751,11,185048
12781,11,181818
12811,11,185459
12841,11,178062
12871,11,185735
12901,11,178890
12931,11,178890
12961,11,189250
12991,11,185116
13021,11,192159
13051,11,193050
13081,11,191350
13111,11,189537
13141,11,189969
13171,11,194476
13201,11,187687
13231,11,171291
13261,11,178316
13291,11,172651
13321,11,187758
13351,11,185804
13381,11,187617
13411,11,184162
13441,11,178507
13471,11,185185
13501,11,181290
13531,11,189681
13561,11,182215
13591,11,187546
13621,11,184229
13651,11,188111
13681,11,184638
13711,11,185942
13741,11,189681
13771,11,182083
13801,11,178826
13831,11,187055
13861,11,187336
13891,11,184365
13921,11,177809
13951,11,181159
13981,11,179468
14011,11,184501
14041,11,195236
14071,11,180701
14101,11,177746
14131,11,188750
14161,11,185666
14191,11,188750
14221,11,179211
14251,11,180050
14281,11,189897
14311,11,180375
14341,11,181356
14371,11,179856
14401,11,176180
14431,11,180245
14461,11,178507
14491,11,183150
14521,11,183958
14551,11,177999
14581,11,185185
14611,11,180766
14641,11,175500
14671,11,184229
14701,11,182615
14731,11,180505
14761,11,178571
14791,11,181818
14821,11,179920
14851,11,180897
14881,11,187265
14911,11,180831
14941,11,179920
14971,11,181620
31,13,190041
61,13,186289
91,13,194476
121,13,188253
151,13,188253
181,13,186289
211,13,193199
241,13,188608
271,13,186846
301,13,189250
331,13,194401
361,13,188253
391,13,196695
421,13,192529
451,13,188893
481,13,188679
511,13,188323
541,13,195465
571,13,189178
601,13,194325
631,13,199760
661,13,187617
691,13,189178
721,13,193873
751,13,189178
781,13,196695
811,13,190403
841,13,189609
871,13,189537
901,13,191791
931,13,193348
961,13,199840
991,13,192529
1021,13,189178
1051,13,190839
1081,13,193573
1111,13,191350
1141,13,192826
1171,13,192159
1201,13,187336
1231,13,193798
1261,13,190694
1291,13,191277
1321,13,190766
1351,13,186636
1381,13,187828
1411,13,185942
1441,13,196463
1471,13,193573
1501,13,195160
1531,13,193573
1561,13,195160
1591,13,190912
1621,13,191424
1651,13,188536
1681,13,190186
1711,13,191938
1741,13,200320
1771,13,187546
1801,13,193199
1831,13,186706
1861,13,188964
1891,13,190694
1921,13,189465
1951,13,188040
1981,13,187476
2011,13,189322
2041,13,189537
2071,13,187758
2101,13,190258
2131,13,189897
2161,13,186219
2191,13,193873
2221,13,194401
2251,13,188253
2281,13,183418
2311,13,189897
2341,13,185185
2371,13,188394
2401,13,188964
2431,13,192826
2461,13,193423
2491,13,186846
2521,13,187055
2551,13,189537
2581,13,185322
2611,13,192826
2641,13,186776
2671,13,192012
2701,13,194174
2731,13,192826
2761,13,186358
2791,13,187265
2821,13,192529
2851,13,185253
2881,13,191717
2911,13,187617
2941,13,187758
2971,13,186776
3001,13,188964
3031,13,189250
3061,13,185873
3091,13,187546
3121,13,188750
3151,13,188111
3181,13,190912
3211,13,193723
3241,13,190476
3271,13,185666
3301,13,189465
3331,13,191717
3361,13,189897
3391,13,189537
3421,13,187687
3451,13,187617
3481,13,193648
3511,13,187265
3541,13,190041
3571,13,186915
3601,13,187125
3631,13,192604
3661,13,191131
3691,13,192455
3721,13,190114
3751,13,191424
3781,13,190766
3811,13,184979
3841,13,183823
3871,13,192455
3901,13,189753
3931,13,188821
3961,13,185804
3991,13,188040
4021,13,179726
4051,13,190114
4081,13,184706
4111,13,185666
4141,13,193124
4171,13,187336
4201,13,182016
4231,13,192086
4261,13,188608
4291,13,188608
4321,13,182815
4351,13,187969
4381,13,182681
4411,13,187687
4441,13,189035
4471,13,189250
4501,13,191717
4531,13,184979
4561,13,185391
4591,13,189897
4621,13,187758
4651,13,191058
4681,13,193873
4711,13,189537
4741,13,184094
4771,13,188323
4801,13,186985
4831,13,186289
4861,13,186985
4891,13,183823
4921,13,184774
4951,13,192233
4981,13,193648
5011,13,183891
5041,13,186011
5071,13,186497
5101,13,185185
5131,13,188750
5161,13,186358
5191,13,185666
5221,13,188821
5251,13,186636
5281,13,186985
5311,13,186776
5341,13,188323
5371,13,187336
5401,13,187828
5431,13,186497
5461,13,182348
5491,13,183688
5521,13,186358
5551,13,190766
5581,13,189035
5611,13,185735
5641,13,190694
5671,13,186497
5701,13,186915
5731,13,186985
5761,13,183418
5791,13,182748
5821,13,187617
5851,13,184638
5881,13,192529
5911,13,184094
5941,13,186985
5971,13,179533
6001,13,182415
6031,13,185048
6061,13,184433
6091,13,183284
6121,13,189250
6151,13,184433
6181,13,189969
6211,13,186636
6241,13,187336
6271,13,193348
6301,13,194325
6331,13,192086
6361,13,184229
6391,13,191570
6421,13,183958
6451,13,182083
6481,13,191717
6511,13,186776
6541,13,185185
6571,13,188394
6601,13,182016
6631,13,186497
6661,13,185597
6691,13,185942
6721,13,183351
6751,13,184026
6781,13,187617
6811,13,181093
6841,13,182815
6871,13,187617
6901,13,184365
6931,13,183284
6961,13,186846
6991,13,191644
7021,13,185459
7051,13,187125
7081,13,191570
7111,13,183418
7141,13,189178
7171,13,188679
7201,13,191424
7231,13,193199
7261,13,186011
7291,13,188679
7321,13,185459
7351,13,191864
7381,13,190621
7411,13,188679
7441,13,188182
7471,13,186358
7501,13,185528
7531,13,187758
7561,13,185391
7591,13,187476
7621,13,188394
7651,13,181884
7681,13,184911
7711,13,189465
7741,13,186150
7771,13,182282
7801,13,190766
7831,13,193648
7861,13,184229
7891,13,188679
7921,13,182415
7951,13,187899
7981,13,184569
8011,13,190403
8041,13,183351
8071,13,189825
8101,13,185873
8131,13,188111
8161,13,188679
8191,13,189465
8221,13,194779
8251,13,188394
8281,13,185666
8311,13,182882
8341,13,187687
8371,13,183083
8401,13,181620
8431,13,183958
8461,13,187125
8491,13,184162
8521,13,186219
8551,13,187969
8581,13,183958
8611,13,185528
8641,13,180831
8671,13,191864
8701,13,187125
8731,13,188323
8761,13,189609
8791,13,189897
8821,13,190258
8851,13,190694
8881,13,187125
8911,13,180505
8941,13,183016
8971,13,188253
9001,13,184026
9031,13,187828
9061,13,184911
9091,13,193199
9121,13,188821
9151,13,188394
9181,13,188536
9211,13,188323
9241,13,182815
9271,13,184094
9301,13,183755
9331,13,184774
9361,13,186915
9391,13,187265
9421,13,188040
9451,13,186915
9481,13,193124
9511,13,187687
9541,13,185942
9571,13,185804
9601,13,186150
9631,13,184094
9661,13,189393
9691,13,186081
9721,13,189322
9751,13,189609
9781,13,184774
9811,13,187406
9841,13,187899
9871,13,179275
9901,13,180440
9931,13,184026
9961,13,191791
9991,13,190403
10021,13,186219
10051,13,191497
10081,13,194024
10111,13,191350
10141,13,183418
10171,13,186011
10201,13,189250
10231,13,184229
10261,13,186428
10291,13,186706
10321,13,185391
10351,13,186636
10381,13,183755
10411,13,182748
10441,13,184706
10471,13,183083
10501,13,179726
10531,13,187265
10561,13,191791
10591,13,190839
10621,13,188964
10651,13,190694
10681,13,188608
10711,13,188040
10741,13,182481
10771,13,187758
10801,13,186706
10831,13,179597
10861,13,184706
10891,13,180440
10921,13,188323
10951,13,181884
10981,13,182615
11011,13,184433
11041,13,186358
11071,13,183150
11101,13,184774
11131,13,179533
11161,13,185253
11191,13,186985
11221,13,184433
11251,13,184911
11281,13,182548
11311,13,187055
11341,13,185322
11371,13,185322
11401,13,182949
11431,13,184979
11461,13,181225
11491,13,189969
11521,13,186428
11551,13,182882
11581,13,185185
11611,13,184162
11641,13,183688
11671,13,191938
11701,13,180505
11731,13,181290
11761,13,181752
11791,13,183486
11821,13,191204
11851,13,190114
11881,13,183553
11911,13,188893
11941,13,182748
11971,13,180962
12001,13,182882
12031,13,188679
12061,13,181225
12091,13,189537
12121,13,184094
12151,13,188323
12181,13,185322
12211,13,181950
12241,13,186497
12271,13,187969
12301,13,186776
12331,13,187406
12361,13,189969
12391,13,185666
12421,13,188253
12451,13,190114
12481,13,184911
12511,13,182149
12541,13,184297
12571,13,182282
12601,13,183351
12631,13,183891
12661,13,179083
12691,13,180245
12721,13,188040
12751,13,186011
12781,13,183150
12811,13,187055
12841,13,180180
12871,13,179018
12901,13,183755
12931,13,186567
12961,13,187265
12991,13,185597
13021,13,180831
13051,13,188182
13081,13,187969
13111,13,188964
13141,13,184229
13171,13,185459
13201,13,183418
13231,13,188821
13261,13,187687
13291,13,180440
13321,13,189753
13351,13,185597
13381,13,182882
13411,13,188964
13441,13,185322
13471,13,184297
13501,13,190186
13531,13,184433
13561,13,183083
13591,13,182149
13621,13,178635
13651,13,188821
13681,13,180701
13711,13,185666
13741,13,181950
13771,13,190331
13801,13,182282
13831,13,186219
13861,13,179275
13891,13,186081
13921,13,183351
13951,13,182149
13981,13,179404
14011,13,186428
14041,13,188394
14071,13,191644
14101,13,185459
14131,13,183150
14161,13,178062
14191,13,187476
14221,13,182815
14251,13,183418
14281,13,180245
14311,13,185185
14341,13,182815
14371,13,184501
14401,13,181356
14431,13,185735
14461,13,180180
14491,13,183418
14521,13,188253
14551,13,182548
14581,13,185185
14611,13,183351
14641,13,185942
14671,13,186636
14701,13,184433
14731,13,177872
14761,13,183958
14791,13,182215
14821,13,181290
14851,13,184911
14881,13,183150
14911,13,189250
14941,13,186289
14971,13,187828
31,15,195007
61,15,188111
91,15,193873
121,15,194325
151,15,193050
181,15,191204
211,15,192381
241,15,191424
271,15,191204
301,15,191717
331,15,191791
361,15,194779
391,15,192455
421,15,189250
451,15,188821
481,15,194024
511,15,183621
541,15,192233
571,15,193648
601,15,191131
631,15,192455
661,15,194931
691,15,194174
721,15,187195
751,15,188465
781,15,194704
811,15,192233
841,15,188608
871,15,189753
901,15,188253
931,15,191570
961,15,190694
991,15,197863
1021,15,189897
1051,15,191424
1081,15,190186
1111,15,190258
1141,15,186497
1171,15,188394
1201,15,194476
1231,15,195848
1261,15,192529
1291,15,182548
1321,15,189753
1351,15,191570
1381,15,192901
1411,15,191350
1441,15,199680
1471,15,187969
1501,15,197706
1531,15,194628
1561,15,189393
1591,15,193274
1621,15,192086
1651,15,190114
1681,15,188821
1711,15,187125
1741,15,191644
1771,15,194476
1801,15,191058
1831,15,188394
1861,15,193648
1891,15,192381
1921,15,188040
1951,15,191570
1981,15,192529
2011,15,188040
2041,15,190548
2071,15,196309
2101,15,192529
2131,15,194099
2161,15,188040
2191,15,193050
2221,15,188821
2251,15,191570
2281,15,192086
2311,15,187687
2341,15,187336
2371,15,187828
2401,15,187055
2431,15,186706
2461,15,192678
2491,15,189609
2521,15,197083
2551,15,188111
2581,15,191644
2611,15,194401
2641,15,191058
2671,15,191350
2701,15,192455
2731,15,194855
2761,15,189969
2791,15,184094
2821,15,200883
2851,15,192307
2881,15,191424
2911,15,190114
2941,15,189250
2971,15,189178
3001,15,200400
3031,15,194024
3061,15,187969
3091,15,193199
3121,15,196463
3151,15,193498
3181,15,186428
3211,15,190621
3241,15,194325
3271,15,190186
3301,15,191864
3331,15,193423
3361,15,192529
3391,15,190258
3421,15,184433
3451,15,191058
3481,15,189465
3511,15,190766
3541,15,190766
3571,15,196078
3601,15,191204
3631,15,191938
3661,15,190186
3691,15,188964
3721,15,184774
3751,15,183217
3781,15,187476
3811,15,189537
3841,15,189537
3871,15,184911
3901,15,198728
3931,15,191204
3961,15,189465
3991,15,194931
4021,15,188040
4051,15,189681
4081,15,196309
4111,15,190258
4141,15,185942
4171,15,189250
4201,15,187125
4231,15,170940
4261,15,185253
4291,15,185873
4321,15,190912
4351,15,186776
4381,15,182083
4411,15,189537
4441,15,186428
4471,15,188893
4501,15,189537
4531,15,188040
4561,15,194325
4591,15,186846
4621,15,190041
4651,15,187406
4681,15,186358
4711,15,188111
4741,15,192529
4771,15,188679
4801,15,187476
4831,15,189035
4861,15,185597
4891,15,191864
4921,15,190548
4951,15,189537
4981,15,189322
5011,15,188111
5041,15,183755
5071,15,190766
5101,15,194099
5131,15,186497
5161,15,187828
5191,15,187195
5221,15,184842
5251,15,188182
5281,15,186915
5311,15,183891
5341,15,189107
5371,15,189753
5401,15,190403
5431,15,186497
5461,15,183891
5491,15,190694
5521,15,187617
5551,15,187546
5581,15,185942
5611,15,186915
5641,15,183083
5671,15,186776
5701,15,184365
5731,15,181950
5761,15,187336
5791,15,186289
5821,15,183891
5851,15,187617
5881,15,187617
5911,15,187476
5941,15,180050
5971,15,185459
6001,15,184094
6031,15,186636
6061,15,187828
6091,15,184706
6121,15,187969
6151,15,186846
6181,15,182481
6211,15,183621
6241,15,183891
6271,15,186706
6301,15,181686
6331,15,188536
6361,15,189178
6391,15,187899
6421,15,183823
6451,15,189322
6481,15,185666
6511,15,186497
6541,15,188465
6571,15,181028
6601,15,188182
6631,15,186219
6661,15,190912
6691,15,188182
6721,15,185459
6751,15,181818
6781,15,184229
6811,15,187055
6841,15,190912
6871,15,186497
6901,15,182882
6931,15,184911
6961,15,186358
6991,15,183486
7021,15,184162
7051,15,186428
7081,15,189537
7111,15,191938
7141,15,182815
7171,15,188536
7201,15,186497
7231,15,183621
7261,15,188536
7291,15,189322
7321,15,189465
7351,15,190258
7381,15,183418
7411,15,187476
7441,15,193124
7471,15,184094
7501,15,183486
7531,15,184094
7561,15,189178
7591,15,190114
7621,15,190114
7651,15,189465
7681,15,186915
7711,15,187546
7741,15,189969
7771,15,191277
7801,15,194476
7831,15,184774
7861,15,183284
7891,15,191424
7921,15,184569
7951,15,192159
7981,15,185391
8011,15,184706
8041,15,181028
8071,15,189753
8101,15,184774
8131,15,180245
8161,15,182016
8191,15,190331
8221,15,187828
8251,15,192975
8281,15,184706
8311,15,187476
8341,15,188323
8371,15,189035
8401,15,183284
8431,15,184026
8461,15,185253
8491,15,188323
8521,15,183553
8551,15,186567
8581,15,187406
8611,15,188465
8641,15,188964
8671,15,182882
8701,15,185391
8731,15,183150
8761,15,179147
8791,15,179340
8821,15,184774
8851,15,185185
8881,15,192307
8911,15,189681
8941,15,186428
8971,15,188465
9001,15,185528
9031,15,184842
9061,15,181554
9091,15,186706
9121,15,188679
9151,15,186219
9181,15,185942
9211,15,183083
9241,15,188394
9271,15,189825
9301,15,187195
9331,15,189609
9361,15,181950
9391,15,183418
9421,15,188750
9451,15,184094
9481,15,184979
9511,15,181554
9541,15,185391
9571,15,185804
9601,15,184569
9631,15,184706
9661,15,187969
9691,15,181884
9721,15,188040
9751,15,183553
9781,15,184706
9811,15,189609
9841,15,188964
9871,15,190186
9901,15,190476
9931,15,186150
9961,15,187336
9991,15,187758
10021,15,184911
10051,15,186011
10081,15,180897
10111,15,186150
10141,15,185459
10171,15,186428
10201,15,186706
10231,15,184501
10261,15,184774
10291,15,185048
10321,15,182615
10351,15,182615
10381,15,183486
10411,15,187476
10441,15,187125
10471,15,187969
10501,15,186011
10531,15,189178
10561,15,182548
10591,15,189897
10621,15,184638
10651,15,180962
10681,15,179597
10711,15,184297
10741,15,186428
10771,15,185666
10801,15,187125
10831,15,197550
10861,15,186636
10891,15,180897
10921,15,183351
10951,15,185391
10981,15,183823
11011,15,186358
11041,15,185322
11071,15,185804
11101,15,181554
11131,15,183150
11161,15,186358
11191,15,183217
11221,15,183891
11251,15,186915
11281,15,183351
11311,15,188253
11341,15,187265
11371,15,182348
11401,15,182681
11431,15,186497
11461,15,188679
11491,15,184979
11521,15,184297
11551,15,180050
11581,15,186011
11611,15,180570
11641,15,182681
11671,15,179211
11701,15,184706
11731,15,183486
11761,15,186081
11791,15,183418
11821,15,183755
11851,15,180962
11881,15,187055
11911,15,185666
11941,15,183217
11971,15,183016
12001,15,183823
12031,15,182215
12061,15,183891
12091,15,186706
12121,15,181686
12151,15,180505
12181,15,187899
12211,15,187617
12241,15,186706
12271,15,182282
12301,15,179985
12331,15,181159
12361,15,183418
12391,15,179211
12421,15,179856
12451,15,179597
12481,15,179018
12511,15,184842
12541,15,184842
12571,15,184706
12601,15,186011
12631,15,182282
12661,15,183083
12691,15,179340
12721,15,183958
12751,15,186219
12781,15,178253
12811,15,181950
12841,15,188750
12871,15,181028
12901,15,195312
12931,15,185185
12961,15,186497
12991,15,179985
13021,15,181290
13051,15,185735
13081,15,186706
13111,15,183351
13141,15,187125
13171,15,188964
13201,15,187265
13231,15,181818
13261,15,184094
13291,15,184911
13321,15,184094
13351,15,184229
13381,15,187265
13411,15,184911
13441,15,179662
13471,15,183755
13501,15,183823
13531,15,182681
13561,15,183351
13591,15,181093
13621,15,182083
13651,15,185942
13681,15,185735
13711,15,185459
13741,15,183621
13771,15,180440
13801,15,183621
13831,15,187687
13861,15,180180
13891,15,182748
13921,15,180180
13951,15,181225
13981,15,183016
14011,15,189465
14041,15,182415
14071,15,183823
14101,15,181884
14131,15,183553
14161,15,181686
14191,15,178316
14221,15,183823
14251,15,186706
14281,15,182282
14311,15,182681
14341,15,180962
14371,15,178443
14401,15,181290
14431,15,185528
14461,15,182882
14491,15,178571
14521,15,186358
14551,15,179662
14581,15,178189
14611,15,182681
14641,15,183688
14671,15,184365
14701,15,181093
14731,15,181225
14761,15,187828
14791,15,185391
14821,15,186081
14851,15,182149
14881,15,183486
14911,15,179275
14941,15,183688
14971,15,182815
31,17,190041
61,17,194476
91,17,190114
121,17,190114
151,17,189897
181,17,191644
211,17,196540
241,17,191277
271,17,193274
301,17,194401
331,17,188465
361,17,185322
391,17,188893
421,17,191131
451,17,187125
481,17,192233
511,17,190186
541,17,190476
571,17,192233
601,17,196386
631,17,190621
661,17,187899
691,17,193348
721,17,197863
751,17,188893
781,17,196001
811,17,189322
841,17,189178
871,17,185322
901,17,176429
931,17,183486
961,17,187406
991,17,190694
1021,17,186636
1051,17,192086
1081,17,187687
1111,17,190186
1141,17,193648
1171,17,189107
1201,17,191644
1231,17,191938
1261,17,190258
1291,17,194628
1321,17,187476
1351,17,187476
1381,17,193723
1411,17,193274
1441,17,195465
1471,17,188750
1501,17,193050
1531,17,190548
1561,17,190985
1591,17,188821
1621,17,190985
1651,17,185116
1681,17,189897
1711,17,188536
1741,17,191644
1771,17,191791
1801,17,192381
1831,17,194704
1861,17,190331
1891,17,189681
1921,17,185666
1951,17,192604
1981,17,189537
2011,17,188323
2041,17,191204
2071,17,191350
2101,17,192159
2131,17,187546
2161,17,190548
2191,17,192529
2221,17,195694
2251,17,191791
2281,17,188536
2311,17,190985
2341,17,192159
2371,17,191864
2401,17,186081
2431,17,189393
2461,17,188964
2491,17,189537
2521,17,187969
2551,17,183217
2581,17,190839
2611,17,189322
2641,17,194855
2671,17,191938
2701,17,196695
2731,17,188893
2761,17,192604
2791,17,186985
2821,17,188111
2851,17,186428
2881,17,190041
2911,17,191791
2941,17,194174
2971,17,187055
3001,17,189681
3031,17,196695
3061,17,188893
3091,17,188182
3121,17,185597
3151,17,191644
3181,17,188111
3211,17,186706
3241,17,188040
3271,17,187125
3301,17,185666
3331,17,190621
3361,17,188821
3391,17,189250
3421,17,189681
3451,17,186706
3481,17,194476
3511,17,183553
3541,17,186846
3571,17,189969
3601,17,194250
3631,17,190766
3661,17,186219
3691,17,189753
3721,17,190331
3751,17,190476
3781,17,188964
3811,17,189609
3841,17,188040
3871,17,189393
3901,17,189897
3931,17,189897
3961,17,185185
3991,17,193199
4021,17,187758
4051,17,185873
4081,17,193798
4111,17,188040
4141,17,190621
4171,17,193948
4201,17,186150
4231,17,188111
4261,17,191350
4291,17,183418
4321,17,190403
4351,17,190403
4381,17,189969
4411,17,192381
4441,17,192233
4471,17,189178
4501,17,184638
4531,17,192381
4561,17,190548
4591,17,188821
4621,17,187617
4651,17,197083
4681,17,191424
4711,17,191717
4741,17,193199
4771,17,189537
4801,17,190476
4831,17,187899
4861,17,183083
4891,17,190621
4921,17,194024
4951,17,187195
4981,17,191204
5011,17,191497
5041,17,186915
5071,17,188465
5101,17,188323
5131,17,183418
5161,17,189035
5191,17,188465
5221,17,187969
5251,17,187406
5281,17,185735
5311,17,187899
5341,17,185804
5371,17,187055
5401,17,188679
5431,17,186985
5461,17,188608
5491,17,184569
5521,17,186567
5551,17,187195
5581,17,188465
5611,17,191717
5641,17,183486
5671,17,185322
5701,17,186358
5731,17,186567
5761,17,189250
5791,17,183351
5821,17,188964
5851,17,190766
5881,17,189753
5911,17,187617
5941,17,186150
5971,17,191644
6001,17,187899
6031,17,189322
6061,17,187828
6091,17,186358
6121,17,192086
6151,17,189107
6181,17,188964
6211,17,186915
6241,17,184979
6271,17,184433
6301,17,192604
6331,17,188182
6361,17,184774
6391,17,186219
6421,17,188040
6451,17,188893
6481,17,191717
6511,17,185185
6541,17,189825
6571,17,192604
6601,17,194628
6631,17,190548
6661,17,189825
6691,17,192455
6721,17,183217
6751,17,191497
6781,17,190839
6811,17,186219
6841,17,187546
6871,17,185048
6901,17,188465
6931,17,187758
6961,17,183688
6991,17,188111
7021,17,188323
7051,17,190985
7081,17,183486
7111,17,186497
7141,17,187758
7171,17,189465
7201,17,181818
7231,17,190331
7261,17,186289
7291,17,189537
7321,17,185391
7351,17,185804
7381,17,189897
7411,17,188608
7441,17,192012
7471,17,192159
7501,17,185942
7531,17,189969
7561,17,193873
7591,17,187265
7621,17,182083
7651,17,185804
7681,17,184094
7711,17,189465
7741,17,191131
7771,17,190331
7801,17,193723
7831,17,186358
7861,17,186985
7891,17,183418
7921,17,186150
7951,17,186846
7981,17,187476
8011,17,191204
8041,17,182681
8071,17,189609
8101,17,185459
8131,17,187336
8161,17,182949
8191,17,185666
8221,17,189178
8251,17,189393
8281,17,185116
8311,17,183418
8341,17,187336
8371,17,185942
8401,17,188111
8431,17,188323
8461,17,189537
8491,17,185253
8521,17,186428
8551,17,188465
8581,17,191131
8611,17,183688
8641,17,187828
8671,17,185528
8701,17,184297
8731,17,185185
8761,17,187969
8791,17,186081
8821,17,187055
8851,17,185942
8881,17,181290
8911,17,185528
8941,17,182615
8971,17,186011
9001,17,184842
9031,17,191424
9061,17,187336
9091,17,187969
9121,17,185873
9151,17,186289
9181,17,186567
9211,17,186081
9241,17,187758
9271,17,186985
9301,17,189681
9331,17,188111
9361,17,187899
9391,17,186289
9421,17,185666
9451,17,185253
9481,17,189035
9511,17,188893
9541,17,181422
9571,17,184774
9601,17,187546
9631,17,186219
9661,17,185116
9691,17,188253
9721,17,189681
9751,17,189825
9781,17,186497
9811,17,184501
9841,17,182681
9871,17,187828
9901,17,184979
9931,17,186567
9961,17,186358
9991,17,186567
10021,17,183150
10051,17,182681
10081,17,185597
10111,17,188750
10141,17,181950
10171,17,184229
10201,17,186706
10231,17,188608
10261,17,190114
10291,17,194174
10321,17,184501
10351,17,179533
10381,17,190766
10411,17,185873
10441,17,187195
10471,17,184979
10501,17,182282
10531,17,187828
10561,17,184774
10591,17,185597
10621,17,193199
10651,17,190621
10681,17,185597
10711,17,187617
10741,17,187336
10771,17,184026
10801,17,182415
10831,17,187476
10861,17,188608
10891,17,181620
10921,17,186219
10951,17,185528
10981,17,182815
11011,17,179726
11041,17,187476
11071,17,185804
11101,17,187617
11131,17,182748
11161,17,184433
11191,17,187617
11221,17,184229
11251,17,183418
11281,17,181422
11311,17,182215
11341,17,182548
11371,17,185528
11401,17,187546
11431,17,182083
11461,17,185048
11491,17,188253
11521,17,192012
11551,17,186219
11581,17,186776
11611,17,182149
11641,17,186776
11671,17,185528
11701,17,185735
11731,17,187546
11761,17,184297
11791,17,183083
11821,17,187546
11851,17,184774
11881,17,184569
11911,17,187758
11941,17,186706
11971,17,183418
12001,17,184026
12031,17,188394
12061,17,183688
12091,17,186497
12121,17,183958
12151,17,186150
12181,17,186289
12211,17,193199
12241,17,189250
12271,17,182348
12301,17,186497
12331,17,186289
12361,17,189322
12391,17,182815
12421,17,186985
12451,17,185804
12481,17,185185
12511,17,186081
12541,17,185322
12571,17,182016
12601,17,183150
12631,17,180962
12661,17,184229
12691,17,181554
12721,17,184638
12751,17,187617
12781,17,186428
12811,17,184365
12841,17,177999
12871,17,184569
12901,17,184842
12931,17,189250
12961,17,183958
12991,17,187969
13021,17,181422
13051,17,183150
13081,17,184365
13111,17,183621
13141,17,190985
13171,17,187617
13201,17,181950
13231,17,191497
13261,17,192529
13291,17,182548
13321,17,190766
13351,17,182681
13381,17,183217
13411,17,186219
13441,17,186567
13471,17,188893
13501,17,182615
13531,17,186915
13561,17,185185
13591,17,192233
13621,17,184026
13651,17,186985
13681,17,182615
13711,17,190621
13741,17,187125
13771,17,186358
13801,17,184501
13831,17,183150
13861,17,186289
13891,17,189897
13921,17,184297
13951,17,185804
13981,17,182748
14011,17,188821
14041,17,186011
14071,17,185528
14101,17,185391
14131,17,189107
14161,17,183755
14191,17,189178
14221,17,182215
14251,17,182348
14281,17,188750
14311,17,185116
14341,17,188821
14371,17,181554
14401,17,181884
14431,17,185459
14461,17,184026
14491,17,192159
14521,17,184911
14551,17,181028
14581,17,187758
14611,17,187265
14641,17,179662
14671,17,189753
14701,17,185185
14731,17,190621
14761,17,182348
14791,17,184365
14821,17,186150
14851,17,186011
14881,17,182949
14911,17,182548
14941,17,186081
14971,17,186636
31,19,191204
61,19,192901
91,19,199600
121,19,188608
151,19,194552
181,19,189322
211,19,194174
241,19,197550
271,19,191424
301,19,188608
331,19,192975
361,19,196078
391,19,194325
421,19,199840
451,19,193423
481,19,201694
511,19,193348
541,19,192233
571,19,195236
601,19,192455
631,19,192159
661,19,190258
691,19,191131
721,19,184501
751,19,192381
781,19,190766
811,19,188964
841,19,188040
871,19,191864
901,19,191497
931,19,192529
961,19,188679
991,19,193124
1021,19,186846
1051,19,188893
1081,19,195083
1111,19,189609
1141,19,189250
1171,19,187828
1201,19,186846
1231,19,193873
1261,19,192529
1291,19,191204
1321,19,191058
1351,19,187476
1381,19,192012
1411,19,188964
1441,19,190186
1471,19,191938
1501,19,184365
1531,19,190985
1561,19,189753
1591,19,191204
1621,19,191717
1651,19,190186
1681,19,188253
1711,19,188608
1741,19,194704
1771,19,189969
1801,19,181950
1831,19,193648
1861,19,194401
1891,19,187125
1921,19,195160
1951,19,192826
1981,19,188821
2011,19,187828
2041,19,192012
2071,19,195924
2101,19,188821
2131,19,187055
2161,19,188394
2191,19,190694
2221,19,191350
2251,19,194855
2281,19,191131
2311,19,195083
2341,19,192678
2371,19,187617
2401,19,191570
2431,19,195160
2461,19,190694
2491,19,187546
2521,19,190766
2551,19,190839
2581,19,198098
2611,19,189250
2641,19,192012
2671,19,192678
2701,19,197472
2731,19,192086
2761,19,192233
2791,19,197394
2821,19,185459
2851,19,195694
2881,19,188679
2911,19,186150
2941,19,186219
2971,19,185391
3001,19,191424
3031,19,189107
3061,19,187828
3091,19,196540
3121,19,195236
3151,19,189681
3181,19,191497
3211,19,191497
3241,19,194325
3271,19,187336
3301,19,188964
3331,19,186219
3361,19,190403
3391,19,186011
3421,19,187758
3451,19,189537
3481,19,193274
3511,19,188964
3541,19,192233
3571,19,192012
3601,19,187336
3631,19,190621
3661,19,187476
3691,19,192901
3721,19,188608
3751,19,184842
3781,19,198491
3811,19,196540
3841,19,189178
3871,19,188750
3901,19,188608
3931,19,192159
3961,19,190766
3991,19,191938
4021,19,188750
4051,19,182548
4081,19,188964
4111,19,186150
4141,19,189897
4171,19,190041
4201,19,189753
4231,19,191644
4261,19,192752
4291,19,189609
4321,19,190694
4351,19,188679
4381,19,190621
4411,19,189825
4441,19,194325
4471,19,188465
4501,19,190114
4531,19,189393
4561,19,187336
4591,19,190403
4621,19,192604
4651,19,192901
4681,19,188253
4711,19,192381
4741,19,188821
4771,19,189250
4801,19,189969
4831,19,191424
4861,19,189035
4891,19,191717
4921,19,190694
4951,19,187758
4981,19,191204
5011,19,184501
5041,19,193423
5071,19,198333
5101,19,186915
5131,19,190258
5161,19,193348
5191,19,188964
5221,19,191497
5251,19,186846
5281,19,189465
5311,19,186428
5341,19,183284
5371,19,188465
5401,19,187406
5431,19,185322
5461,19,188040
5491,19,184979
5521,19,187687
5551,19,194476
5581,19,184842
5611,19,189753
5641,19,190548
5671,19,189178
5701,19,187828
5731,19,183553
5761,19,182681
5791,19,194704
5821,19,194325
5851,19,188608
5881,19,185735
5911,19,187195
5941,19,186428
5971,19,190258
6001,19,191497
6031,19,184979
6061,19,189825
6091,19,190985
6121,19,191424
6151,19,188111
6181,19,191717
6211,19,187195
6241,19,188608
6271,19,179662
6301,19,187546
6331,19,188182
6361,19,189537
6391,19,191791
6421,19,188465
6451,19,184433
6481,19,189035
6511,19,186706
6541,19,185942
6571,19,194931
6601,19,189107
6631,19,189178
6661,19,186846
6691,19,189035
6721,19,189035
6751,19,190258
6781,19,190548
6811,19,190766
6841,19,185942
6871,19,189107
6901,19,184094
6931,19,186497
6961,19,186915
6991,19,185873
7021,19,187758
7051,19,186776
7081,19,184297
7111,19,188608
7141,19,191497
7171,19,181752
7201,19,192752
7231,19,188394
7261,19,190114
7291,19,186776
7321,19,190041
7351,19,190912
7381,19,187687
7411,19,187899
7441,19,185391
7471,19,184911
7501,19,190041
7531,19,190985
7561,19,190403
7591,19,189465
7621,19,184229
7651,19,193274
7681,19,188040
7711,19,189465
7741,19,185804
7771,19,186915
7801,19,190114
7831,19,187546
7861,19,187265
7891,19,190839
7921,19,189393
7951,19,191424
7981,19,190839
8011,19,191497
8041,19,183755
8071,19,191938
8101,19,185322
8131,19,186150
8161,19,187899
8191,19,184638
8221,19,189897
8251,19,195618
8281,19,188040
8311,19,191350
8341,19,191131
8371,19,187899
8401,19,184365
8431,19,189465
8461,19,187055
8491,19,186150
8521,19,186706
8551,19,184911
8581,19,188608
8611,19,190839
8641,19,185597
8671,19,184911
8701,19,190985
8731,19,191791
8761,19,186567
8791,19,185873
8821,19,189609
8851,19,190041
8881,19,188253
8911,19,192752
8941,19,188821
8971,19,192086
9001,19,189393
9031,19,185116
9061,19,188821
9091,19,189178
9121,19,187758
9151,19,185185
9181,19,185735
9211,19,187969
9241,19,187336
9271,19,187336
9301,19,185597
9331,19,184433
9361,19,185666
9391,19,188750
9421,19,186706
9451,19,190186
9481,19,189322
9511,19,188111
9541,19,187969
9571,19,188253
9601,19,188750
9631,19,188536
9661,19,191424
9691,19,184638
9721,19,187617
9751,19,180766
9781,19,190258
9811,19,191204
9841,19,195848
9871,19,187125
9901,19,192012
9931,19,187406
9961,19,189107
9991,19,184911
10021,19,183755
10051,19,182748
10081,19,183284
10111,19,179404
10141,19,164798
10171,19,157927
10201,19,177179
10231,19,179211
10261,19,181422
10291,19,187969
10321,19,177430
10351,19,183553
10381,19,179985
10411,19,176056
10441,19,184569
10471,19,182282
10501,19,185735
10531,19,186358
10561,19,177746
10591,19,169376
10621,19,182481
10651,19,183217
10681,19,186985
10711,19,187125
10741,19,181356
10771,19,181356
10801,19,186428
10831,19,185391
10861,19,186428
10891,19,181884
10921,19,185528
10951,19,181290
10981,19,186636
11011,19,185322
11041,19,186358
11071,19,186358
11101,19,177556
11131,19,185459
11161,19,187265
11191,19,181818
11221,19,187125
11251,19,183150
11281,19,184297
11311,19,182481
11341,19,180831
11371,19,184162
11401,19,182882
11431,19,187617
11461,19,184774
11491,19,189250
11521,19,181620
11551,19,184026
11581,19,179211
11611,19,183486
11641,19,186081
11671,19,183688
11701,19,187055
11731,19,184094
11761,19,183083
11791,19,190041
11821,19,186985
11851,19,186358
11881,19,190114
11911,19,184365
11941,19,185666
11971,19,186289
12001,19,187899
12031,19,185459
12061,19,185804
12091,19,188182
12121,19,187617
12151,19,189753
12181,19,183755
12211,19,187336
12241,19,185804
12271,19,182815
12301,19,183755
12331,19,183553
12361,19,187336
12391,19,184162
12421,19,188821
12451,19,187758
12481,19,184911
12511,19,184094
12541,19,185804
12571,19,185528
12601,19,186081
12631,19,185391
12661,19,183351
12691,19,187546
12721,19,186011
12751,19,180180
12781,19,185804
12811,19,182348
12841,19,184094
12871,19,184162
12901,19,186776
12931,19,185048
12961,19,191864
12991,19,188394
13021,19,184774
13051,19,187758
13081,19,180635
13111,19,186706
13141,19,186081
13171,19,182615
13201,19,188111
13231,19,188111
13261,19,187617
13291,19,190694
13321,19,184842
13351,19,181159
13381,19,185804
13411,19,182282
13441,19,187617
13471,19,183083
13501,19,185391
13531,19,185528
13561,19,193648
13591,19,184979
13621,19,186846
13651,19,185942
13681,19,182215
13711,19,183891
13741,19,187899
13771,19,187055
13801,19,187336
13831,19,187125
13861,19,185185
13891,19,188750
13921,19,185597
13951,19,188465
13981,19,186706
14011,19,186219
14041,19,184501
14071,19,184162
14101,19,183688
14131,19,184706
14161,19,185528
14191,19,185048
14221,19,183284
14251,19,181884
14281,19,184979
14311,19,186915
14341,19,181620
14371,19,181884
14401,19,187406
14431,19,183823
14461,19,182481
14491,19,184501
14521,19,185597
14551,19,184911
14581,19,186776
14611,19,181422
14641,19,184365
14671,19,189107
14701,19,182615
14731,19,179340
14761,19,183486
14791,19,182748
14821,19,186776
14851,19,183958
14881,19,186846
14911,19,188394
14941,19,180115
14971,19,182815

